{
    "feature_names": [
        "Age",
        "Sex",
        "BMI",
        "Glucose_mean_24h",
        "Glucose_max_24h",
        "Hypoglycemia_events_24h",
        "Hyperglycemia_events_24h",
        "Insulin_any_24h",
        "SBP_mean_24h",
        "DBP_mean_24h",
        "History_hypertension",
        "HR_mean_24h",
        "SpO2_mean_24h",
        "Temperature_mean_24h",
        "Glucose_Stability",
        "MAP",
        "BMI_Risk"
    ],
    "feature_means": {
        "Age": 53.501315789473686,
        "Sex": 0.48947368421052634,
        "BMI": 29.117434210526316,
        "Glucose_mean_24h": 125.42177631578946,
        "Glucose_max_24h": 209.6107236842105,
        "Hypoglycemia_events_24h": 1.5019736842105262,
        "Hyperglycemia_events_24h": 1.4901315789473684,
        "Insulin_any_24h": 0.4993421052631579,
        "SBP_mean_24h": 124.75743421052631,
        "DBP_mean_24h": 77.85243421052631,
        "History_hypertension": 0.48157894736842105,
        "HR_mean_24h": 79.73677631578947,
        "SpO2_mean_24h": 95.94848684210525,
        "Temperature_mean_24h": 37.01447368421053,
        "Glucose_Stability": 84.18894736842105,
        "MAP": 93.48743421052633,
        "BMI_Risk": 2.149342105263158
    },
    "feature_stds": {
        "Age": 20.855785533898228,
        "Sex": 0.5000537028088118,
        "BMI": 6.324974167392599,
        "Glucose_mean_24h": 32.29035639320145,
        "Glucose_max_24h": 51.42455831246991,
        "Hypoglycemia_events_24h": 1.1236854155261051,
        "Hyperglycemia_events_24h": 1.1177695667125387,
        "Insulin_any_24h": 0.5001641219153881,
        "SBP_mean_24h": 14.696400386743216,
        "DBP_mean_24h": 10.063783122642269,
        "History_hypertension": 0.499824992760429,
        "HR_mean_24h": 11.545305159833228,
        "SpO2_mean_24h": 2.3283857492531412,
        "Temperature_mean_24h": 0.5871464893579377,
        "Glucose_Stability": 61.507458371831625,
        "MAP": 8.321715623215594,
        "BMI_Risk": 0.8980629223932624
    },
    "feature_importances": {
        "Age": 0.0819576545238754,
        "Sex": 0.014079556459556738,
        "BMI": 0.08361583731491133,
        "Glucose_mean_24h": 0.08976286510757762,
        "Glucose_max_24h": 0.07500116805368436,
        "Hypoglycemia_events_24h": 0.02727676584869772,
        "Hyperglycemia_events_24h": 0.024947940316855297,
        "Insulin_any_24h": 0.0129122548114287,
        "SBP_mean_24h": 0.0845001553895038,
        "DBP_mean_24h": 0.08820875831661627,
        "History_hypertension": 0.012025840806474888,
        "HR_mean_24h": 0.09778804546370695,
        "SpO2_mean_24h": 0.07368186207107298,
        "Temperature_mean_24h": 0.061821081677594925,
        "Glucose_Stability": 0.07382990817515889,
        "MAP": 0.0844725125110814,
        "BMI_Risk": 0.014117793152202822
    }
}